{"dataset_mean": [49.00497490947877, 8.421176208440178, 131.51268743873237, 0.019457696116383694, 0.00985672333916088, 0.43456121807219544, -0.34185744110775457, 0.7961916617095608, 6.600013135717756, 0.017951537361582864, -0.002863935531837714, -0.12470996024215704, 0.1587679067657764, 9.799168653050613, -0.028481767997756202, -0.03191921037155478, 9.808373556645785, -4.530366634479416e-06, 0.0002028739911542734, -0.0029137358298600507, 7.283676898186563e-05, 1.588346114376144e-05, -0.0029162408106215977], "dataset_std": [0.028297042616867208, 0.0384932430974797, 47.83629110543526, 0.026223706612348918, 0.012112907503477077, 1.7045398331401742, 6.292764522356532, 5.282714074857663, 4.9690933604713265, 0.07323873265998689, 0.09372466697785417, 0.7355265450472868, 0.5908610119784061, 0.22221178526152585, 0.6884034412729674, 0.5264180726571341, 0.2221331790098962, 0.013628972115610302, 0.014452404240080777, 0.09234378765880152, 0.013626460288281185, 0.014307730035182424, 0.09236671595364278], "pose_mean": [19005.25821853953, 5448894.889911995, 131.51268743873237], "pose_std": [2686.8957131965135, 3271.650756376353, 47.83629110543526]}